COUNTY_CODE,BALD_EAGLES
02013,129
02016,777
02020,2077
02050,29
02060,49
02068,92
02070,13
02090,346
02100,29
02110,2609
02122,4564
02130,425
02150,1152
02164,51
02170,705
02180,26
02185,27
02188,15
02201,109
02220,1270
02232,484
02240,89
02261,831
02280,750
02282,30
02290,67
01001,4
01003,641
01005,100
01007,7
01009,1
01013,1
01015,55
01017,22
01019,5
01021,33
01023,4
01027,4
01029,3
01031,1
01033,67
01035,3
01037,5
01039,1
01041,2
01043,5
01047,10
01049,6
01051,9
01053,1
01055,4
01061,8
01063,18
01065,78
01067,7
01069,51
01071,38
01073,25
01077,75
01079,25
01081,29
01083,261
01089,71
01091,6
01095,165
01097,592
01101,53
01103,96
01105,42
01107,18
01109,4
01111,3
01113,2
01115,17
01117,58
01119,11
01121,5
01123,8
01125,69
01129,3
01131,6
05001,24
05003,6
05005,391
05007,217
05009,8
05013,3
05015,31
05017,2
05019,11
05021,6
05023,22
05025,2
05027,7
05029,47
05031,21
05033,150
05035,72
05037,3
05041,42
05045,109
05047,14
05049,39
05051,23
05055,9
05057,14
05059,7
05063,3
05065,8
05067,3
05069,62
05071,20
05075,18
05077,5
05079,11
05081,8
05083,9
05085,17
05087,28
05089,26
05091,7
05093,34
05095,10
05097,6
05099,4
05101,21
05103,1
05105,3
05107,4
05109,9
05111,22
05113,2
05115,90
05117,11
05119,126
05121,21
05123,7
05125,72
05127,152
05129,18
05131,21
05133,6
05135,29
05137,23
05139,10
05141,7
05143,147
05145,197
05147,11
05149,38
04001,118
04003,44
04005,783
04007,150
04009,1
04011,2
04012,33
04013,1768
04015,9
04017,302
04019,4
04021,58
04023,8
04025,560
04027,4
06001,444
06003,71
06005,55
06007,487
06009,93
06011,108
06013,241
06015,277
06017,271
06019,199
06021,494
06023,588
06025,1
06027,96
06029,38
06031,1
06033,143
06035,135
06037,402
06039,125
06041,607
06043,45
06045,354
06047,241
06049,170
06051,375
06053,276
06055,127
06057,189
06059,457
06061,280
06063,490
06065,211
06067,787
06069,225
06071,141
06073,544
06075,165
06077,50
06079,829
06081,194
06083,318
06085,855
06087,152
06089,456
06091,59
06093,600
06095,126
06097,445
06099,96
06101,68
06103,207
06105,101
06107,102
06109,243
06111,153
06113,211
06115,109
08001,2390
08003,42
08005,1726
08007,149
08009,7
08011,101
08013,3927
08014,205
08015,69
08017,4
08019,56
08021,10
08023,8
08025,44
08027,15
08029,129
08031,503
08033,18
08035,697
08037,199
08039,3
08041,523
08043,35
08045,206
08047,11
08049,113
08051,101
08053,22
08055,59
08057,161
08059,1685
08061,35
08063,1
08065,51
08067,214
08069,2431
08071,29
08075,187
08077,981
08079,24
08081,202
08083,506
08085,147
08087,278
08089,60
08091,103
08093,118
08095,1
08097,59
08099,25
08101,187
08103,80
08105,80
08107,167
08109,11
08111,4
08113,54
08115,70
08117,108
08119,107
08121,163
08123,1147
08125,5
09001,1198
09003,1055
09005,864
09007,434
09009,1418
09011,727
09013,190
09015,172
11001,1794
10001,4428
10003,1955
10005,3912
12001,2384
12003,4
12005,485
12007,15
12009,2548
12011,105
12013,12
12015,1173
12017,372
12019,315
12021,1287
12023,66
12027,10
12029,45
12031,1274
12033,367
12035,158
12037,816
12039,51
12041,8
12043,160
12045,142
12047,14
12049,23
12051,59
12053,557
12055,275
12057,869
12059,1
12061,262
12063,60
12065,33
12067,6
12069,1191
12071,2209
12073,512
12075,237
12077,23
12079,75
12081,1248
12083,802
12085,289
12086,400
12087,862
12089,113
12091,126
12093,134
12095,2483
12097,1248
12099,431
12101,521
12103,2650
12105,1627
12107,122
12109,1140
12111,188
12113,269
12115,3249
12117,728
12119,251
12121,11
12123,69
12125,8
12127,1139
12129,1813
12131,163
12133,5
13005,1
13007,29
13009,3
13011,8
13013,1
13015,47
13019,33
13021,33
13023,2
13025,1
13027,80
13029,75
13031,23
13033,28
13035,4
13037,1
13039,214
13045,17
13047,1
13049,7
13051,658
13053,9
13055,3
13057,13
13059,9
13061,14
13063,66
13065,2
13067,91
13069,1
13071,12
13073,24
13075,11
13077,9
13081,9
13083,3
13085,4
13087,44
13089,36
13091,2
13093,5
13095,4
13097,11
13099,3
13103,1
13105,6
13107,1
13109,4
13111,53
13113,16
13115,42
13117,27
13119,4
13121,167
13123,4
13125,1
13127,1020
13129,33
13131,15
13133,39
13135,15
13137,2
13139,36
13141,2
13143,1
13145,15
13147,10
13149,4
13151,16
13153,13
13155,1
13157,14
13159,36
13161,3
13163,4
13165,1
13169,3
13171,3
13173,1
13175,19
13177,4
13179,72
13181,10
13183,3
13185,52
13187,4
13189,4
13191,452
13193,16
13195,1
13197,1
13199,2
13201,5
13205,2
13207,5
13211,13
13213,47
13215,137
13217,21
13219,3
13221,2
13223,1
13227,2
13235,6
13237,3
13239,13
13241,23
13245,94
13249,6
13253,18
13255,1
13257,4
13259,32
13261,5
13263,2
13273,2
13275,17
13277,13
13281,11
13285,157
13287,5
13291,9
13293,4
13295,7
13297,1
13301,2
13303,6
13305,2
13307,1
13309,1
13311,1
13313,8
13317,7
13319,3
13321,8
19001,6
19003,3
19005,183
19007,48
19009,2
19011,75
19013,275
19015,107
19017,115
19019,116
19021,77
19023,52
19025,8
19027,46
19029,9
19031,53
19033,35
19035,6
19037,8
19039,6
19041,32
19043,98
19045,128
19047,3
19049,102
19051,12
19053,22
19055,48
19057,43
19059,55
19061,423
19063,5
19065,8
19067,28
19069,8
19071,68
19073,51
19075,22
19077,17
19079,42
19081,4
19083,39
19085,133
19087,30
19089,25
19091,7
19093,11
19095,39
19097,210
19099,104
19101,51
19103,1536
19105,25
19107,19
19109,6
19111,63
19113,304
19115,260
19117,31
19119,4
19121,37
19123,20
19125,196
19127,74
19129,27
19131,19
19133,29
19135,3
19137,6
19139,105
19141,7
19143,2
19145,5
19147,16
19149,11
19151,16
19153,1217
19155,201
19157,32
19159,6
19161,24
19163,363
19165,5
19167,17
19169,638
19171,48
19173,5
19175,6
19177,79
19179,8
19181,32
19183,60
19185,3
19187,24
19189,5
19191,186
19193,122
19195,11
19197,7
16001,756
16003,45
16005,61
16007,79
16009,95
16011,69
16013,154
16015,126
16017,389
16019,197
16021,350
16023,1
16025,40
16027,425
16029,21
16031,40
16033,10
16035,48
16037,98
16039,121
16041,7
16043,261
16045,164
16047,126
16049,93
16051,243
16053,25
16055,298
16057,171
16059,118
16061,30
16065,87
16067,29
16069,174
16071,6
16073,105
16075,37
16077,75
16079,26
16081,85
16083,63
16085,167
16087,34
17001,141
17003,111
17005,31
17007,27
17009,26
17011,324
17013,73
17015,262
17017,9
17019,311
17021,26
17023,154
17025,7
17027,256
17029,160
17031,1939
17033,17
17035,33
17037,74
17039,92
17041,5
17043,1388
17045,48
17047,30
17049,12
17051,44
17053,13
17055,47
17057,339
17059,19
17061,6
17063,168
17065,3
17067,41
17069,8
17071,69
17073,42
17075,28
17077,380
17079,31
17081,41
17083,63
17085,135
17087,53
17089,712
17091,189
17093,336
17095,50
17097,1292
17099,510
17101,12
17103,97
17105,18
17107,25
17109,9
17111,411
17113,307
17115,25
17117,11
17119,498
17121,13
17123,128
17125,185
17127,115
17129,80
17131,39
17133,106
17135,25
17137,22
17139,76
17141,90
17143,287
17145,27
17147,41
17149,58
17151,26
17153,48
17155,383
17157,72
17159,2
17161,410
17163,70
17165,74
17167,173
17169,8
17171,7
17173,28
17175,8
17177,37
17179,330
17181,136
17183,117
17185,8
17187,5
17189,21
17191,6
17193,135
17195,159
17197,876
17199,302
17201,294
17203,160
18001,50
18003,345
18005,24
18007,30
18009,5
18011,111
18013,240
18015,10
18017,11
18019,50
18021,15
18023,8
18025,13
18027,21
18029,56
18031,8
18033,7
18035,43
18037,71
18039,252
18041,5
18043,13
18045,8
18047,52
18049,10
18051,667
18053,11
18055,628
18057,302
18059,35
18061,31
18063,114
18065,149
18067,9
18069,80
18071,94
18073,67
18075,46
18077,11
18079,17
18081,68
18083,16
18085,97
18087,98
18089,363
18091,83
18093,40
18095,157
18097,1514
18099,14
18101,11
18103,57
18105,827
18107,48
18109,126
18111,213
18113,15
18115,2
18117,19
18119,17
18121,48
18123,7
18125,47
18127,182
18129,125
18131,29
18133,183
18135,3
18137,28
18139,2
18141,181
18143,7
18145,4
18147,20
18149,45
18151,49
18153,209
18155,2
18157,1219
18159,5
18161,264
18163,200
18165,59
18167,253
18169,53
18171,19
18173,173
18175,56
18177,63
18179,11
18181,13
18183,35
20001,9
20003,19
20005,84
20007,2
20009,111
20011,7
20013,62
20015,62
20017,25
20019,31
20021,48
20023,3
20025,23
20027,6
20029,2
20031,41
20033,8
20035,45
20037,22
20041,7
20043,11
20045,1025
20049,5
20051,2
20053,14
20055,3
20057,4
20059,16
20061,16
20063,3
20065,1
20067,1
20069,1
20073,7
20075,1
20077,2
20079,70
20083,6
20085,39
20087,495
20089,26
20091,647
20093,2
20095,54
20099,26
20103,87
20105,7
20107,198
20109,9
20111,51
20113,17
20115,63
20117,11
20121,174
20123,13
20125,7
20127,20
20131,50
20133,61
20137,5
20139,193
20143,3
20145,1
20147,11
20149,142
20151,7
20155,190
20157,4
20159,7
20161,167
20163,6
20165,3
20167,63
20169,15
20171,13
20173,146
20175,13
20177,141
20183,1
20185,363
20191,56
20193,1
20195,3
20197,21
20201,4
20205,5
20207,12
20209,133
21001,10
21003,20
21005,28
21007,34
21009,29
21011,4
21015,37
21017,8
21019,1
21021,11
21029,13
21031,1
21033,2
21035,47
21037,5
21039,8
21041,2
21043,2
21045,26
21047,67
21049,1
21051,1
21053,1
21055,4
21057,7
21059,11
21061,18
21067,64
21071,1
21073,104
21075,66
21077,13
21079,13
21081,1
21083,8
21085,13
21087,1
21089,6
21091,2
21093,15
21099,37
21101,257
21103,3
21105,7
21107,105
21109,1
21111,701
21113,11
21117,8
21121,3
21123,6
21125,17
21133,1
21137,51
21139,52
21141,11
21143,95
21145,13
21147,1
21149,5
21151,16
21155,3
21157,185
21161,1
21163,7
21165,2
21167,2
21169,1
21171,4
21173,2
21175,2
21177,27
21179,10
21181,3
21183,1
21185,21
21187,1
21191,2
21195,1
21197,2
21199,52
21201,2
21203,7
21205,86
21207,16
21209,7
21211,24
21213,6
21215,35
21217,10
21219,73
21221,93
21223,3
21225,23
21227,59
21231,6
21235,5
21239,1
22001,8
22003,1
22005,17
22007,71
22009,4
22011,1
22013,1
22015,29
22017,60
22019,97
22021,1
22023,93
22025,2
22027,23
22029,25
22031,13
22033,436
22035,1
22037,8
22041,4
22043,1
22045,19
22047,81
22049,10
22051,165
22053,221
22055,16
22057,57
22059,8
22061,3
22063,12
22065,9
22067,6
22069,7
22071,395
22073,51
22075,96
22077,32
22079,92
22081,12
22083,59
22085,18
22087,32
22089,147
22093,17
22095,30
22097,8
22099,52
22101,104
22103,419
22105,156
22107,9
22109,168
22111,22
22113,56
22115,4
22117,1
22119,3
22121,14
22125,7
22127,4
25001,708
25003,1023
25005,821
25007,30
25009,2154
25011,658
25013,408
25015,2258
25017,1816
25019,12
25021,314
25023,486
25025,246
25027,1042
24001,149
24003,2243
24005,3347
24009,1365
24011,292
24013,238
24015,1217
24017,412
24019,3376
24021,549
24023,385
24025,2080
24027,1325
24029,836
24031,3293
24033,1633
24035,1935
24037,1070
24039,508
24041,1774
24043,445
24045,270
24047,1560
23001,226
23003,254
23005,2486
23007,135
23009,2575
23011,979
23013,994
23015,1588
23017,249
23019,791
23021,254
23023,997
23025,189
23027,513
23029,1153
23031,1076
26001,179
26003,498
26005,430
26007,140
26009,229
26011,248
26013,129
26015,179
26017,481
26019,439
26021,406
26023,21
26025,209
26027,60
26029,266
26031,199
26033,1660
26035,53
26037,223
26039,232
26041,383
26043,32
26045,52
26047,601
26049,346
26051,37
26053,112
26055,386
26057,500
26059,56
26061,279
26063,221
26065,181
26067,154
26069,978
26071,94
26073,288
26075,298
26077,305
26079,90
26081,1169
26083,413
26085,49
26087,170
26089,601
26091,67
26093,255
26095,40
26097,624
26099,550
26101,490
26103,465
26105,333
26107,149
26109,84
26111,377
26113,27
26115,1828
26117,50
26119,34
26121,1278
26123,57
26125,538
26127,83
26129,119
26131,157
26133,110
26135,64
26137,97
26139,1194
26141,90
26143,191
26145,925
26147,360
26149,133
26151,62
26153,240
26155,41
26157,159
26159,119
26161,1400
26163,1805
26165,130
27001,260
27003,999
27005,431
27007,308
27009,243
27011,115
27013,97
27015,36
27017,141
27019,545
27021,527
27023,34
27025,262
27027,264
27029,113
27031,432
27033,69
27035,312
27037,2261
27039,36
27041,135
27043,28
27045,178
27047,115
27049,1232
27051,151
27053,6359
27055,383
27057,436
27059,122
27061,287
27063,54
27065,44
27067,85
27069,45
27071,127
27073,144
27075,506
27077,51
27079,85
27081,18
27083,98
27085,54
27087,33
27089,148
27091,33
27093,105
27095,97
27097,208
27099,96
27101,30
27103,48
27105,40
27107,51
27109,617
27111,462
27113,43
27115,214
27117,46
27119,359
27121,39
27123,3081
27125,58
27127,38
27129,91
27131,408
27133,32
27135,41
27137,3651
27139,940
27141,1046
27143,63
27145,547
27147,222
27149,48
27151,51
27153,223
27155,22
27157,356
27159,18
27161,22
27163,2131
27165,36
27167,31
27169,527
27171,253
27173,82
29001,36
29003,10
29005,26
29007,13
29009,30
29011,29
29013,59
29015,93
29017,61
29019,1341
29021,221
29023,3
29025,8
29027,67
29029,72
29031,225
29033,36
29035,20
29037,20
29039,72
29041,67
29043,6
29045,30
29047,386
29049,34
29051,91
29053,77
29055,10
29057,57
29059,10
29061,15
29063,6
29065,20
29067,2
29069,162
29071,77
29073,14
29075,5
29077,124
29079,4
29081,14
29083,144
29085,20
29087,539
29089,20
29091,8
29093,16
29095,288
29097,65
29099,196
29101,80
29103,10
29105,12
29107,13
29109,7
29111,81
29113,413
29115,31
29117,34
29119,9
29121,85
29123,27
29125,6
29127,50
29129,5
29131,31
29133,86
29135,9
29137,38
29139,9
29141,13
29143,26
29145,34
29147,12
29149,21
29151,3
29153,3
29155,45
29157,102
29159,28
29161,134
29163,210
29165,170
29167,64
29169,17
29171,38
29173,20
29175,11
29177,9
29179,21
29181,1
29183,1470
29185,134
29186,30
29187,52
29189,1026
29195,109
29197,11
29199,7
29201,23
29203,41
29205,14
29207,184
29209,28
29211,2
29213,52
29215,27
29217,172
29219,19
29221,13
29223,96
29225,5
29227,13
29229,2
29510,96
28001,60
28003,6
28011,6
28017,11
28027,11
28029,1
28031,1
28033,32
28035,28
28037,5
28043,5
28045,171
28047,296
28049,7
28051,23
28053,40
28055,1
28057,23
28059,786
28061,2
28065,1
28067,1
28069,3
28071,94
28073,1
28075,6
28079,3
28081,15
28083,4
28085,6
28087,42
28089,76
28091,5
28093,12
28095,3
28103,103
28105,34
28107,85
28109,1
28111,1
28113,1
28115,2
28117,10
28119,37
28121,13
28123,4
28131,3
28133,13
28135,9
28137,4
28139,16
28141,42
28143,36
28149,12
28151,21
28155,1
28157,1
28159,4
28161,14
28163,24
30001,311
30003,65
30005,10
30007,114
30009,106
30011,4
30013,316
30015,58
30017,41
30021,10
30023,451
30025,1
30027,110
30029,1330
30031,1369
30033,1
30035,72
30037,5
30039,126
30041,6
30043,116
30045,14
30047,671
30049,671
30051,16
30053,171
30055,8
30057,367
30059,77
30061,178
30063,1338
30065,16
30067,347
30069,13
30071,84
30073,7
30075,8
30077,262
30079,12
30081,504
30083,18
30085,12
30087,30
30089,183
30091,5
30093,24
30095,49
30097,83
30099,64
30101,6
30103,19
30105,38
30107,37
30109,1
30111,272
37001,38
37003,34
37005,31
37007,38
37009,23
37011,52
37013,159
37015,17
37017,7
37019,203
37021,305
37023,15
37025,88
37027,5
37029,39
37031,224
37033,9
37035,121
37037,974
37039,18
37041,156
37043,32
37045,42
37047,9
37049,298
37051,12
37053,222
37055,1271
37057,37
37059,4
37061,1
37063,463
37065,40
37067,101
37069,12
37071,80
37073,28
37075,21
37077,47
37079,6
37081,267
37083,16
37085,22
37087,234
37089,44
37091,2
37095,335
37097,20
37099,20
37101,18
37103,7
37105,4
37107,3
37109,19
37111,18
37113,23
37115,16
37117,19
37119,211
37121,5
37123,40
37125,56
37127,9
37129,182
37131,11
37133,122
37135,385
37137,171
37139,27
37141,49
37143,10
37145,15
37147,163
37149,31
37151,7
37153,16
37155,3
37157,53
37159,47
37161,13
37163,6
37165,4
37167,71
37169,6
37171,18
37173,27
37175,285
37177,113
37179,129
37181,27
37183,2695
37185,14
37187,147
37189,139
37191,13
37193,15
37195,51
37197,3
37199,25
38001,4
38003,54
38005,30
38007,48
38009,45
38011,52
38013,9
38015,210
38017,335
38019,24
38021,10
38023,9
38025,10
38027,14
38029,29
38031,14
38033,8
38035,426
38037,16
38039,9
38041,6
38043,66
38045,11
38047,3
38049,47
38051,8
38053,73
38055,168
38057,222
38059,59
38061,17
38063,12
38065,28
38067,18
38069,19
38071,24
38073,21
38075,13
38077,41
38079,17
38081,47
38083,11
38085,25
38087,3
38089,23
38091,17
38093,83
38095,7
38097,37
38099,16
38101,86
38103,2
38105,35
31001,9
31003,33
31005,3
31007,2
31009,4
31011,13
31013,3
31015,13
31017,3
31019,146
31021,31
31023,6
31025,63
31027,207
31029,7
31031,55
31033,7
31035,23
31037,11
31039,24
31041,9
31043,66
31045,25
31047,21
31049,11
31051,98
31053,64
31055,316
31057,5
31059,4
31061,6
31063,10
31065,2
31067,19
31069,34
31071,2
31073,9
31075,4
31077,3
31079,109
31081,10
31083,62
31085,1
31087,2
31089,18
31091,4
31093,8
31095,5
31097,2
31099,4
31101,156
31103,7
31105,11
31107,106
31109,537
31111,201
31115,24
31119,95
31121,21
31123,23
31125,15
31127,50
31129,8
31131,31
31133,23
31137,3
31139,18
31141,34
31143,4
31145,1
31147,16
31149,26
31151,11
31153,294
31155,118
31157,137
31159,32
31161,4
31163,14
31165,22
31167,36
31171,3
31173,2
31175,5
31177,152
31179,12
31181,4
31183,2
31185,11
33001,344
33003,342
33005,681
33007,464
33009,386
33011,568
33013,323
33015,950
33017,620
33019,124
34001,3367
34003,1795
34005,1586
34007,410
34009,7622
34011,775
34013,212
34015,734
34017,194
34019,928
34021,774
34023,752
34025,1323
34027,678
34029,1017
34031,242
34033,763
34035,516
34037,527
34039,114
34041,520
27001,244
27003,18
27005,7
27006,20
27007,142
27011,23
27017,39
27019,17
27021,3
27027,7
27028,40
27031,18
27033,15
27035,9
27037,7
27039,61
27043,103
27045,121
27047,80
27049,19
27051,82
27053,895
27055,37
27059,42
27061,10
32001,47
32003,71
32005,72
32007,94
32011,1
32013,3
32015,1
32017,23
32019,40
32021,8
32023,1
32027,1
32029,4
32031,284
32033,6
32510,24
36001,1129
36003,134
36005,129
36007,979
36009,377
36011,552
36013,666
36015,167
36017,200
36019,141
36021,849
36023,203
36025,540
36027,1510
36029,918
36031,450
36033,224
36035,50
36037,745
36039,417
36041,144
36043,181
36045,567
36047,660
36049,75
36051,434
36053,233
36055,2447
36057,150
36059,609
36061,689
36063,275
36065,304
36067,1282
36069,216
36071,1306
36073,277
36075,1124
36077,221
36079,364
36081,251
36083,755
36085,381
36087,531
36089,576
36091,909
36093,130
36095,124
36097,226
36099,3527
36101,188
36103,1534
36105,1381
36107,412
36109,1514
36111,1282
36113,80
36115,291
36117,971
36119,3165
36121,87
36123,153
39001,12
39003,257
39005,120
39007,720
39009,174
39011,41
39013,19
39015,23
39017,373
39019,14
39021,46
39023,256
39025,515
39027,159
39029,61
39031,137
39033,21
39035,2499
39037,22
39039,84
39041,1146
39043,2095
39045,92
39047,11
39049,1356
39051,58
39053,7
39055,512
39057,161
39059,52
39061,701
39063,144
39065,18
39067,49
39069,17
39071,77
39073,68
39075,120
39077,46
39079,7
39081,30
39083,277
39085,2500
39087,11
39089,320
39091,131
39093,1854
39095,7820
39097,16
39099,491
39101,388
39103,365
39105,10
39107,131
39109,43
39111,5
39113,368
39115,22
39117,20
39119,223
39121,31
39123,4367
39125,20
39127,55
39129,118
39131,3
39133,327
39135,124
39137,27
39139,423
39141,29
39143,900
39145,22
39147,108
39149,14
39151,361
39153,1065
39155,684
39157,103
39159,67
39161,11
39163,29
39165,222
39167,98
39169,1518
39171,17
39173,149
39175,1095
40001,9
40003,193
40005,3
40009,1
40011,2
40013,37
40015,6
40017,70
40019,31
40021,77
40025,38
40027,123
40029,6
40031,6
40033,4
40035,15
40037,11
40039,11
40041,41
40047,12
40049,8
40051,3
40053,4
40055,8
40061,6
40063,3
40065,2
40067,2
40069,56
40071,11
40073,3
40075,4
40077,4
40079,8
40081,5
40083,14
40085,1
40087,1
40089,44
40091,17
40093,7
40095,8
40097,14
40099,3
40101,18
40103,20
40105,2
40107,3
40109,216
40111,4
40113,90
40115,12
40117,27
40119,139
40121,16
40125,17
40131,24
40133,9
40135,139
40137,3
40139,2
40141,9
40143,491
40145,53
40147,15
40153,4
41001,141
41003,1997
41005,908
41007,2040
41009,1039
41011,557
41013,261
41015,187
41017,1598
41019,170
41021,44
41023,80
41025,589
41027,259
41029,441
41031,310
41033,165
41035,1242
41037,233
41039,2845
41041,2095
41043,972
41045,66
41047,1279
41049,94
41051,3789
41053,1120
41055,115
41057,2014
41059,311
41061,337
41063,355
41065,382
41067,2417
41069,33
41071,94
42001,67
42003,422
42005,251
42007,135
42009,236
42011,606
42013,140
42015,66
42017,1817
42019,684
42021,120
42023,81
42025,263
42027,1058
42029,1983
42031,93
42033,146
42035,319
42037,58
42039,1205
42041,476
42043,450
42045,1261
42047,58
42049,1133
42051,127
42053,164
42055,271
42057,85
42059,16
42061,724
42063,135
42065,45
42067,221
42069,261
42071,2567
42073,210
42075,438
42077,255
42079,909
42081,665
42083,268
42085,702
42087,123
42089,572
42091,1678
42093,123
42095,712
42097,76
42099,347
42101,2729
42103,405
42105,66
42107,597
42109,101
42111,146
42113,38
42115,234
42117,400
42119,108
42121,68
42123,146
42125,96
42127,213
42129,161
42131,131
42133,1000
44001,55
44003,124
44005,56
44007,263
44009,218
45001,20
45003,77
45005,3
45007,160
45011,13
45013,1726
45015,249
45017,8
45019,2601
45021,2
45023,6
45025,12
45027,324
45029,608
45031,11
45033,3
45035,99
45037,3
45039,17
45041,16
45043,1255
45045,37
45047,18
45049,3
45051,386
45053,582
45055,45
45057,26
45059,15
45061,7
45063,96
45065,34
45067,4
45069,10
45071,57
45073,47
45075,22
45077,23
45079,126
45081,6
45083,50
45085,13
45087,1
45089,30
45091,67
46003,9
46005,13
46007,60
46009,12
46011,53
46013,109
46015,9
46017,1
46019,29
46021,4
46023,109
46027,100
46029,12
46031,4
46033,21
46035,9
46037,25
46039,2
46041,1
46043,21
46045,4
46047,6
46049,4
46051,1
46053,22
46055,2
46057,7
46059,6
46061,5
46063,25
46065,120
46067,24
46069,5
46071,16
46073,1
46075,7
46077,3
46079,18
46081,29
46083,43
46085,16
46087,4
46089,8
46091,15
46093,27
46095,1
46097,1
46099,138
46101,22
46103,257
46105,9
46107,4
46109,32
46111,10
46113,3
46115,1
46117,67
46119,26
46123,1
46125,3
46127,20
46129,6
46135,295
46137,2
47001,50
47003,3
47005,55
47007,45
47009,305
47011,15
47013,33
47017,4
47019,22
47021,19
47025,8
47027,9
47029,48
47031,6
47033,2
47035,22
47037,958
47039,4
47041,42
47043,11
47045,59
47047,18
47049,3
47051,67
47053,52
47055,1
47057,31
47059,6
47061,25
47063,8
47065,509
47067,2
47069,1
47071,124
47073,353
47075,44
47077,12
47079,385
47081,14
47083,100
47085,535
47087,1
47089,26
47091,6
47093,686
47095,430
47097,102
47099,12
47101,3
47103,31
47105,30
47107,3
47109,1
47113,15
47115,76
47117,1
47119,38
47121,133
47123,29
47125,76
47127,10
47131,62
47135,44
47139,21
47141,5
47143,43
47145,139
47147,4
47149,51
47151,4
47153,8
47155,178
47157,194
47159,7
47161,301
47163,216
47165,170
47167,10
47169,2
47171,3
47173,13
47175,6
47177,21
47179,45
47181,2
47183,6
47185,11
47187,141
47189,20
48001,6
48005,128
48007,50
48009,3
48011,3
48015,21
48019,2
48021,93
48023,1
48025,3
48027,125
48029,24
48031,20
48035,8
48037,22
48039,216
48041,95
48043,2
48045,2
48051,65
48053,57
48055,6
48057,32
48059,1
48061,1
48063,19
48065,9
48067,10
48071,272
48073,9
48077,3
48083,1
48085,30
48089,72
48091,17
48093,12
48097,7
48099,9
48107,15
48113,345
48119,16
48121,90
48123,3
48133,2
48139,29
48143,2
48145,15
48147,42
48149,24
48153,1
48157,427
48159,7
48161,57
48167,91
48171,1
48175,21
48177,11
48179,4
48181,321
48183,5
48185,25
48187,6
48193,10
48195,13
48199,9
48201,856
48203,31
48205,9
48209,21
48213,31
48217,11
48221,4
48223,6
48225,8
48231,16
48233,5
48237,4
48239,44
48241,257
48245,205
48251,31
48253,3
48255,3
48257,27
48259,32
48261,2
48265,23
48267,14
48273,3
48277,4
48281,3
48285,15
48287,23
48289,17
48291,45
48293,10
48297,22
48299,16
48303,12
48309,110
48311,24
48313,17
48315,40
48319,1
48321,237
48331,14
48333,3
48337,2
48339,257
48341,2
48343,34
48347,19
48349,43
48351,20
48355,10
48357,2
48361,21
48363,18
48365,19
48367,9
48373,92
48375,21
48379,22
48381,22
48385,1
48387,7
48389,25
48391,4
48393,2
48395,21
48397,5
48401,17
48403,96
48405,29
48407,50
48409,1
48411,17
48419,39
48423,44
48425,3
48429,3
48435,1
48439,100
48449,17
48451,2
48453,211
48455,26
48457,23
48459,34
48463,3
48467,42
48469,81
48471,56
48473,60
48477,25
48481,57
48483,1
48485,9
48487,1
48491,149
48493,1
48497,21
48499,47
48503,2
49001,70
49003,435
49005,148
49007,30
49009,19
49011,744
49013,33
49015,45
49017,49
49019,74
49021,68
49023,23
49025,64
49027,26
49029,262
49031,8
49033,36
49035,442
49037,27
49039,35
49041,20
49043,413
49045,19
49047,133
49049,464
49051,192
49053,155
49055,12
49057,173
51001,2217
51003,472
51005,11
51007,11
51009,125
51011,39
51013,181
51015,444
51017,25
51019,66
51021,10
51023,204
51025,5
51029,37
51031,7
51033,137
51035,15
51036,215
51037,15
51041,953
51043,352
51045,11
51047,229
51049,26
51051,3
51053,9
51057,169
51059,4502
51061,532
51063,9
51065,65
51067,19
51069,155
51071,58
51073,986
51075,13
51077,16
51079,10
51081,4
51083,86
51085,60
51087,271
51089,6
51091,91
51093,168
51095,1153
51097,52
51099,182
51101,67
51103,169
51105,2
51107,1087
51109,71
51111,2
51113,42
51115,216
51117,279
51119,128
51121,96
51125,37
51127,110
51131,1379
51133,166
51135,8
51137,25
51139,136
51141,11
51143,9
51145,20
51147,194
51149,61
51153,2503
51155,98
51157,97
51159,146
51161,29
51163,46
51165,337
51167,12
51169,7
51171,102
51173,14
51175,11
51177,77
51179,599
51181,252
51183,65
51185,105
51187,54
51191,1
51193,289
51197,108
51199,485
51510,206
51520,3
51530,6
51540,39
51550,153
51570,14
51580,1
51590,3
51595,2
51600,9
51630,61
51650,414
51660,10
51670,309
51678,3
51680,19
51683,28
51685,5
51690,10
51700,350
51710,421
51730,11
51735,142
51740,196
51750,44
51760,321
51770,8
51775,4
51790,13
51800,166
51810,1644
51820,12
51830,143
51840,15
50001,1492
50003,155
50005,89
50007,962
50009,64
50011,373
50013,163
50015,65
50017,165
50019,137
50021,429
50023,124
50025,825
50027,674
53001,29
53003,66
53005,434
53007,1132
53009,4152
53011,2675
53013,20
53015,745
53017,173
53019,96
53021,160
53023,14
53025,295
53027,1372
53029,2776
53031,2316
53033,14646
53035,2500
53037,548
53039,350
53041,613
53043,110
53045,1719
53047,1085
53049,1089
53051,244
53053,2451
53055,2379
53057,6491
53059,383
53061,4687
53063,937
53065,235
53067,3181
53069,410
53071,611
53073,2704
53075,115
53077,348
55001,226
55003,539
55005,174
55007,654
55009,1162
55011,236
55013,617
55015,242
55017,240
55019,35
55021,435
55023,135
55025,2885
55027,717
55029,693
55031,1197
55033,392
55035,138
55037,196
55039,388
55041,186
55043,695
55045,65
55047,312
55049,312
55051,109
55053,50
55055,623
55057,326
55059,53
55061,269
55063,603
55065,125
55067,118
55069,142
55071,693
55073,492
55075,459
55077,81
55078,14
55079,539
55081,139
55083,258
55085,609
55087,674
55089,323
55091,57
55093,218
55095,644
55097,703
55099,80
55101,152
55103,148
55105,335
55107,67
55109,280
55111,913
55113,191
55115,94
55117,450
55119,64
55121,477
55123,324
55125,965
55127,100
55129,202
55131,108
55133,371
55135,85
55137,60
55139,398
55141,114
54001,8
54003,26
54007,8
54009,6
54011,11
54017,3
54019,10
54021,1
54023,103
54025,39
54027,20
54029,4
54031,245
54033,1
54035,3
54037,206
54039,133
54041,11
54049,24
54051,1
54053,30
54055,41
54057,42
54061,96
54063,61
54065,11
54067,2
54069,12
54071,82
54073,71
54075,33
54077,26
54079,26
54081,22
54083,51
54085,5
54089,146
54091,21
54093,73
54095,2
54097,2
54099,6
54101,2
54103,23
54107,131
56001,336
56003,28
56005,34
56007,258
56009,66
56011,81
56013,260
56015,86
56017,19
56019,117
56021,52
56023,120
56025,117
56027,5
56029,496
56031,57
56033,132
56035,158
56037,91
56039,929
56041,29
56043,52
56045,29